id,country,pretty_link
5875885,Afghanistan,"<div><a href=""/places/default/view/Afghanistan-1""><img src=""/places/static/images/flags/af.png"" /> Afghanistan</a></div>"
5875886,Aland Islands,"<div><a href=""/places/default/view/Aland-Islands-2""><img src=""/places/static/images/flags/ax.png"" /> Aland Islands</a></div>"
5875887,Albania,"<div><a href=""/places/default/view/Albania-3""><img src=""/places/static/images/flags/al.png"" /> Albania</a></div>"
5875888,Algeria,"<div><a href=""/places/default/view/Algeria-4""><img src=""/places/static/images/flags/dz.png"" /> Algeria</a></div>"
5875889,American Samoa,"<div><a href=""/places/default/view/American-Samoa-5""><img src=""/places/static/images/flags/as.png"" /> American Samoa</a></div>"
5875890,Andorra,"<div><a href=""/places/default/view/Andorra-6""><img src=""/places/static/images/flags/ad.png"" /> Andorra</a></div>"
5875891,Angola,"<div><a href=""/places/default/view/Angola-7""><img src=""/places/static/images/flags/ao.png"" /> Angola</a></div>"
5875892,Anguilla,"<div><a href=""/places/default/view/Anguilla-8""><img src=""/places/static/images/flags/ai.png"" /> Anguilla</a></div>"
5875893,Antarctica,"<div><a href=""/places/default/view/Antarctica-9""><img src=""/places/static/images/flags/aq.png"" /> Antarctica</a></div>"
5875894,Antigua and Barbuda,"<div><a href=""/places/default/view/Antigua-and-Barbuda-10""><img src=""/places/static/images/flags/ag.png"" /> Antigua and Barbuda</a></div>"
5875895,Argentina,"<div><a href=""/places/default/view/Argentina-11""><img src=""/places/static/images/flags/ar.png"" /> Argentina</a></div>"
5875896,Armenia,"<div><a href=""/places/default/view/Armenia-12""><img src=""/places/static/images/flags/am.png"" /> Armenia</a></div>"
5875897,Aruba,"<div><a href=""/places/default/view/Aruba-13""><img src=""/places/static/images/flags/aw.png"" /> Aruba</a></div>"
5875898,Australia,"<div><a href=""/places/default/view/Australia-14""><img src=""/places/static/images/flags/au.png"" /> Australia</a></div>"
5875899,Austria,"<div><a href=""/places/default/view/Austria-15""><img src=""/places/static/images/flags/at.png"" /> Austria</a></div>"
5875900,Azerbaijan,"<div><a href=""/places/default/view/Azerbaijan-16""><img src=""/places/static/images/flags/az.png"" /> Azerbaijan</a></div>"
5875901,Bahamas,"<div><a href=""/places/default/view/Bahamas-17""><img src=""/places/static/images/flags/bs.png"" /> Bahamas</a></div>"
5875902,Bahrain,"<div><a href=""/places/default/view/Bahrain-18""><img src=""/places/static/images/flags/bh.png"" /> Bahrain</a></div>"
5875903,Bangladesh,"<div><a href=""/places/default/view/Bangladesh-19""><img src=""/places/static/images/flags/bd.png"" /> Bangladesh</a></div>"
5875904,Barbados,"<div><a href=""/places/default/view/Barbados-20""><img src=""/places/static/images/flags/bb.png"" /> Barbados</a></div>"
5875905,Belarus,"<div><a href=""/places/default/view/Belarus-21""><img src=""/places/static/images/flags/by.png"" /> Belarus</a></div>"
5875906,Belgium,"<div><a href=""/places/default/view/Belgium-22""><img src=""/places/static/images/flags/be.png"" /> Belgium</a></div>"
5875907,Belize,"<div><a href=""/places/default/view/Belize-23""><img src=""/places/static/images/flags/bz.png"" /> Belize</a></div>"
5875908,Benin,"<div><a href=""/places/default/view/Benin-24""><img src=""/places/static/images/flags/bj.png"" /> Benin</a></div>"
5875909,Bermuda,"<div><a href=""/places/default/view/Bermuda-25""><img src=""/places/static/images/flags/bm.png"" /> Bermuda</a></div>"
5875910,Bhutan,"<div><a href=""/places/default/view/Bhutan-26""><img src=""/places/static/images/flags/bt.png"" /> Bhutan</a></div>"
5875911,Bolivia,"<div><a href=""/places/default/view/Bolivia-27""><img src=""/places/static/images/flags/bo.png"" /> Bolivia</a></div>"
5875912,"Bonaire, Saint Eustatius and Saba","<div><a href=""/places/default/view/Bonaire-Saint-Eustatius-and-Saba-28""><img src=""/places/static/images/flags/bq.png"" /> Bonaire, Saint Eustatius and Saba</a></div>"
5875913,Bosnia and Herzegovina,"<div><a href=""/places/default/view/Bosnia-and-Herzegovina-29""><img src=""/places/static/images/flags/ba.png"" /> Bosnia and Herzegovina</a></div>"
5875914,Botswana,"<div><a href=""/places/default/view/Botswana-30""><img src=""/places/static/images/flags/bw.png"" /> Botswana</a></div>"
5875915,Bouvet Island,"<div><a href=""/places/default/view/Bouvet-Island-31""><img src=""/places/static/images/flags/bv.png"" /> Bouvet Island</a></div>"
5875916,Brazil,"<div><a href=""/places/default/view/Brazil-32""><img src=""/places/static/images/flags/br.png"" /> Brazil</a></div>"
5875917,British Indian Ocean Territory,"<div><a href=""/places/default/view/British-Indian-Ocean-Territory-33""><img src=""/places/static/images/flags/io.png"" /> British Indian Ocean Territory</a></div>"
5875918,British Virgin Islands,"<div><a href=""/places/default/view/British-Virgin-Islands-34""><img src=""/places/static/images/flags/vg.png"" /> British Virgin Islands</a></div>"
5875919,Brunei,"<div><a href=""/places/default/view/Brunei-35""><img src=""/places/static/images/flags/bn.png"" /> Brunei</a></div>"
5875920,Bulgaria,"<div><a href=""/places/default/view/Bulgaria-36""><img src=""/places/static/images/flags/bg.png"" /> Bulgaria</a></div>"
5875921,Burkina Faso,"<div><a href=""/places/default/view/Burkina-Faso-37""><img src=""/places/static/images/flags/bf.png"" /> Burkina Faso</a></div>"
5875922,Burundi,"<div><a href=""/places/default/view/Burundi-38""><img src=""/places/static/images/flags/bi.png"" /> Burundi</a></div>"
5875923,Cambodia,"<div><a href=""/places/default/view/Cambodia-39""><img src=""/places/static/images/flags/kh.png"" /> Cambodia</a></div>"
5875924,Cameroon,"<div><a href=""/places/default/view/Cameroon-40""><img src=""/places/static/images/flags/cm.png"" /> Cameroon</a></div>"
5875925,Canada,"<div><a href=""/places/default/view/Canada-41""><img src=""/places/static/images/flags/ca.png"" /> Canada</a></div>"
5875926,Cape Verde,"<div><a href=""/places/default/view/Cape-Verde-42""><img src=""/places/static/images/flags/cv.png"" /> Cape Verde</a></div>"
5875927,Cayman Islands,"<div><a href=""/places/default/view/Cayman-Islands-43""><img src=""/places/static/images/flags/ky.png"" /> Cayman Islands</a></div>"
5875928,Central African Republic,"<div><a href=""/places/default/view/Central-African-Republic-44""><img src=""/places/static/images/flags/cf.png"" /> Central African Republic</a></div>"
5875929,Chad,"<div><a href=""/places/default/view/Chad-45""><img src=""/places/static/images/flags/td.png"" /> Chad</a></div>"
5875930,Chile,"<div><a href=""/places/default/view/Chile-46""><img src=""/places/static/images/flags/cl.png"" /> Chile</a></div>"
5875931,China,"<div><a href=""/places/default/view/China-47""><img src=""/places/static/images/flags/cn.png"" /> China</a></div>"
5875932,Christmas Island,"<div><a href=""/places/default/view/Christmas-Island-48""><img src=""/places/static/images/flags/cx.png"" /> Christmas Island</a></div>"
5875933,Cocos Islands,"<div><a href=""/places/default/view/Cocos-Islands-49""><img src=""/places/static/images/flags/cc.png"" /> Cocos Islands</a></div>"
5875934,Colombia,"<div><a href=""/places/default/view/Colombia-50""><img src=""/places/static/images/flags/co.png"" /> Colombia</a></div>"
5875935,Comoros,"<div><a href=""/places/default/view/Comoros-51""><img src=""/places/static/images/flags/km.png"" /> Comoros</a></div>"
5875936,Cook Islands,"<div><a href=""/places/default/view/Cook-Islands-52""><img src=""/places/static/images/flags/ck.png"" /> Cook Islands</a></div>"
5875937,Costa Rica,"<div><a href=""/places/default/view/Costa-Rica-53""><img src=""/places/static/images/flags/cr.png"" /> Costa Rica</a></div>"
5875938,Croatia,"<div><a href=""/places/default/view/Croatia-54""><img src=""/places/static/images/flags/hr.png"" /> Croatia</a></div>"
5875939,Cuba,"<div><a href=""/places/default/view/Cuba-55""><img src=""/places/static/images/flags/cu.png"" /> Cuba</a></div>"
5875940,Curacao,"<div><a href=""/places/default/view/Curacao-56""><img src=""/places/static/images/flags/cw.png"" /> Curacao</a></div>"
5875941,Cyprus,"<div><a href=""/places/default/view/Cyprus-57""><img src=""/places/static/images/flags/cy.png"" /> Cyprus</a></div>"
5875942,Czech Republic,"<div><a href=""/places/default/view/Czech-Republic-58""><img src=""/places/static/images/flags/cz.png"" /> Czech Republic</a></div>"
5875943,Democratic Republic of the Congo,"<div><a href=""/places/default/view/Democratic-Republic-of-the-Congo-59""><img src=""/places/static/images/flags/cd.png"" /> Democratic Republic of the Congo</a></div>"
5875944,Denmark,"<div><a href=""/places/default/view/Denmark-60""><img src=""/places/static/images/flags/dk.png"" /> Denmark</a></div>"
5875945,Djibouti,"<div><a href=""/places/default/view/Djibouti-61""><img src=""/places/static/images/flags/dj.png"" /> Djibouti</a></div>"
5875946,Dominica,"<div><a href=""/places/default/view/Dominica-62""><img src=""/places/static/images/flags/dm.png"" /> Dominica</a></div>"
5875947,Dominican Republic,"<div><a href=""/places/default/view/Dominican-Republic-63""><img src=""/places/static/images/flags/do.png"" /> Dominican Republic</a></div>"
5875948,East Timor,"<div><a href=""/places/default/view/East-Timor-64""><img src=""/places/static/images/flags/tl.png"" /> East Timor</a></div>"
5875949,Ecuador,"<div><a href=""/places/default/view/Ecuador-65""><img src=""/places/static/images/flags/ec.png"" /> Ecuador</a></div>"
5875950,Egypt,"<div><a href=""/places/default/view/Egypt-66""><img src=""/places/static/images/flags/eg.png"" /> Egypt</a></div>"
5875951,El Salvador,"<div><a href=""/places/default/view/El-Salvador-67""><img src=""/places/static/images/flags/sv.png"" /> El Salvador</a></div>"
5875952,Equatorial Guinea,"<div><a href=""/places/default/view/Equatorial-Guinea-68""><img src=""/places/static/images/flags/gq.png"" /> Equatorial Guinea</a></div>"
5875953,Eritrea,"<div><a href=""/places/default/view/Eritrea-69""><img src=""/places/static/images/flags/er.png"" /> Eritrea</a></div>"
5875954,Estonia,"<div><a href=""/places/default/view/Estonia-70""><img src=""/places/static/images/flags/ee.png"" /> Estonia</a></div>"
5875955,Ethiopia,"<div><a href=""/places/default/view/Ethiopia-71""><img src=""/places/static/images/flags/et.png"" /> Ethiopia</a></div>"
5875956,Falkland Islands,"<div><a href=""/places/default/view/Falkland-Islands-72""><img src=""/places/static/images/flags/fk.png"" /> Falkland Islands</a></div>"
5875957,Faroe Islands,"<div><a href=""/places/default/view/Faroe-Islands-73""><img src=""/places/static/images/flags/fo.png"" /> Faroe Islands</a></div>"
5875958,Fiji,"<div><a href=""/places/default/view/Fiji-74""><img src=""/places/static/images/flags/fj.png"" /> Fiji</a></div>"
5875959,Finland,"<div><a href=""/places/default/view/Finland-75""><img src=""/places/static/images/flags/fi.png"" /> Finland</a></div>"
5875960,France,"<div><a href=""/places/default/view/France-76""><img src=""/places/static/images/flags/fr.png"" /> France</a></div>"
5875961,French Guiana,"<div><a href=""/places/default/view/French-Guiana-77""><img src=""/places/static/images/flags/gf.png"" /> French Guiana</a></div>"
5875962,French Polynesia,"<div><a href=""/places/default/view/French-Polynesia-78""><img src=""/places/static/images/flags/pf.png"" /> French Polynesia</a></div>"
5875963,French Southern Territories,"<div><a href=""/places/default/view/French-Southern-Territories-79""><img src=""/places/static/images/flags/tf.png"" /> French Southern Territories</a></div>"
5875964,Gabon,"<div><a href=""/places/default/view/Gabon-80""><img src=""/places/static/images/flags/ga.png"" /> Gabon</a></div>"
5875965,Gambia,"<div><a href=""/places/default/view/Gambia-81""><img src=""/places/static/images/flags/gm.png"" /> Gambia</a></div>"
5875966,Georgia,"<div><a href=""/places/default/view/Georgia-82""><img src=""/places/static/images/flags/ge.png"" /> Georgia</a></div>"
5875967,Germany,"<div><a href=""/places/default/view/Germany-83""><img src=""/places/static/images/flags/de.png"" /> Germany</a></div>"
5875968,Ghana,"<div><a href=""/places/default/view/Ghana-84""><img src=""/places/static/images/flags/gh.png"" /> Ghana</a></div>"
5875969,Gibraltar,"<div><a href=""/places/default/view/Gibraltar-85""><img src=""/places/static/images/flags/gi.png"" /> Gibraltar</a></div>"
5875970,Greece,"<div><a href=""/places/default/view/Greece-86""><img src=""/places/static/images/flags/gr.png"" /> Greece</a></div>"
5875971,Greenland,"<div><a href=""/places/default/view/Greenland-87""><img src=""/places/static/images/flags/gl.png"" /> Greenland</a></div>"
5875972,Grenada,"<div><a href=""/places/default/view/Grenada-88""><img src=""/places/static/images/flags/gd.png"" /> Grenada</a></div>"
5875973,Guadeloupe,"<div><a href=""/places/default/view/Guadeloupe-89""><img src=""/places/static/images/flags/gp.png"" /> Guadeloupe</a></div>"
5875974,Guam,"<div><a href=""/places/default/view/Guam-90""><img src=""/places/static/images/flags/gu.png"" /> Guam</a></div>"
5875975,Guatemala,"<div><a href=""/places/default/view/Guatemala-91""><img src=""/places/static/images/flags/gt.png"" /> Guatemala</a></div>"
5875976,Guernsey,"<div><a href=""/places/default/view/Guernsey-92""><img src=""/places/static/images/flags/gg.png"" /> Guernsey</a></div>"
5875977,Guinea,"<div><a href=""/places/default/view/Guinea-93""><img src=""/places/static/images/flags/gn.png"" /> Guinea</a></div>"
5875978,Guinea-Bissau,"<div><a href=""/places/default/view/Guinea-Bissau-94""><img src=""/places/static/images/flags/gw.png"" /> Guinea-Bissau</a></div>"
5875979,Guyana,"<div><a href=""/places/default/view/Guyana-95""><img src=""/places/static/images/flags/gy.png"" /> Guyana</a></div>"
5875980,Haiti,"<div><a href=""/places/default/view/Haiti-96""><img src=""/places/static/images/flags/ht.png"" /> Haiti</a></div>"
5875981,Heard Island and McDonald Islands,"<div><a href=""/places/default/view/Heard-Island-and-McDonald-Islands-97""><img src=""/places/static/images/flags/hm.png"" /> Heard Island and McDonald Islands</a></div>"
5875982,Honduras,"<div><a href=""/places/default/view/Honduras-98""><img src=""/places/static/images/flags/hn.png"" /> Honduras</a></div>"
5875983,Hong Kong,"<div><a href=""/places/default/view/Hong-Kong-99""><img src=""/places/static/images/flags/hk.png"" /> Hong Kong</a></div>"
5875984,Hungary,"<div><a href=""/places/default/view/Hungary-100""><img src=""/places/static/images/flags/hu.png"" /> Hungary</a></div>"
5875985,Iceland,"<div><a href=""/places/default/view/Iceland-101""><img src=""/places/static/images/flags/is.png"" /> Iceland</a></div>"
5875986,India,"<div><a href=""/places/default/view/India-102""><img src=""/places/static/images/flags/in.png"" /> India</a></div>"
5875987,Indonesia,"<div><a href=""/places/default/view/Indonesia-103""><img src=""/places/static/images/flags/id.png"" /> Indonesia</a></div>"
5875988,Iran,"<div><a href=""/places/default/view/Iran-104""><img src=""/places/static/images/flags/ir.png"" /> Iran</a></div>"
5875989,Iraq,"<div><a href=""/places/default/view/Iraq-105""><img src=""/places/static/images/flags/iq.png"" /> Iraq</a></div>"
5875990,Ireland,"<div><a href=""/places/default/view/Ireland-106""><img src=""/places/static/images/flags/ie.png"" /> Ireland</a></div>"
5875991,Isle of Man,"<div><a href=""/places/default/view/Isle-of-Man-107""><img src=""/places/static/images/flags/im.png"" /> Isle of Man</a></div>"
5875992,Israel,"<div><a href=""/places/default/view/Israel-108""><img src=""/places/static/images/flags/il.png"" /> Israel</a></div>"
5875993,Italy,"<div><a href=""/places/default/view/Italy-109""><img src=""/places/static/images/flags/it.png"" /> Italy</a></div>"
5875994,Ivory Coast,"<div><a href=""/places/default/view/Ivory-Coast-110""><img src=""/places/static/images/flags/ci.png"" /> Ivory Coast</a></div>"
5875995,Jamaica,"<div><a href=""/places/default/view/Jamaica-111""><img src=""/places/static/images/flags/jm.png"" /> Jamaica</a></div>"
5875996,Japan,"<div><a href=""/places/default/view/Japan-112""><img src=""/places/static/images/flags/jp.png"" /> Japan</a></div>"
5875997,Jersey,"<div><a href=""/places/default/view/Jersey-113""><img src=""/places/static/images/flags/je.png"" /> Jersey</a></div>"
5875998,Jordan,"<div><a href=""/places/default/view/Jordan-114""><img src=""/places/static/images/flags/jo.png"" /> Jordan</a></div>"
5875999,Kazakhstan,"<div><a href=""/places/default/view/Kazakhstan-115""><img src=""/places/static/images/flags/kz.png"" /> Kazakhstan</a></div>"
5876000,Kenya,"<div><a href=""/places/default/view/Kenya-116""><img src=""/places/static/images/flags/ke.png"" /> Kenya</a></div>"
5876001,Kiribati,"<div><a href=""/places/default/view/Kiribati-117""><img src=""/places/static/images/flags/ki.png"" /> Kiribati</a></div>"
5876002,Kosovo,"<div><a href=""/places/default/view/Kosovo-118""><img src=""/places/static/images/flags/xk.png"" /> Kosovo</a></div>"
5876003,Kuwait,"<div><a href=""/places/default/view/Kuwait-119""><img src=""/places/static/images/flags/kw.png"" /> Kuwait</a></div>"
5876004,Kyrgyzstan,"<div><a href=""/places/default/view/Kyrgyzstan-120""><img src=""/places/static/images/flags/kg.png"" /> Kyrgyzstan</a></div>"
5876005,Laos,"<div><a href=""/places/default/view/Laos-121""><img src=""/places/static/images/flags/la.png"" /> Laos</a></div>"
5876006,Latvia,"<div><a href=""/places/default/view/Latvia-122""><img src=""/places/static/images/flags/lv.png"" /> Latvia</a></div>"
5876007,Lebanon,"<div><a href=""/places/default/view/Lebanon-123""><img src=""/places/static/images/flags/lb.png"" /> Lebanon</a></div>"
5876008,Lesotho,"<div><a href=""/places/default/view/Lesotho-124""><img src=""/places/static/images/flags/ls.png"" /> Lesotho</a></div>"
5876009,Liberia,"<div><a href=""/places/default/view/Liberia-125""><img src=""/places/static/images/flags/lr.png"" /> Liberia</a></div>"
5876010,Libya,"<div><a href=""/places/default/view/Libya-126""><img src=""/places/static/images/flags/ly.png"" /> Libya</a></div>"
5876011,Liechtenstein,"<div><a href=""/places/default/view/Liechtenstein-127""><img src=""/places/static/images/flags/li.png"" /> Liechtenstein</a></div>"
5876012,Lithuania,"<div><a href=""/places/default/view/Lithuania-128""><img src=""/places/static/images/flags/lt.png"" /> Lithuania</a></div>"
5876013,Luxembourg,"<div><a href=""/places/default/view/Luxembourg-129""><img src=""/places/static/images/flags/lu.png"" /> Luxembourg</a></div>"
5876014,Macao,"<div><a href=""/places/default/view/Macao-130""><img src=""/places/static/images/flags/mo.png"" /> Macao</a></div>"
5876015,Macedonia,"<div><a href=""/places/default/view/Macedonia-131""><img src=""/places/static/images/flags/mk.png"" /> Macedonia</a></div>"
5876016,Madagascar,"<div><a href=""/places/default/view/Madagascar-132""><img src=""/places/static/images/flags/mg.png"" /> Madagascar</a></div>"
5876017,Malawi,"<div><a href=""/places/default/view/Malawi-133""><img src=""/places/static/images/flags/mw.png"" /> Malawi</a></div>"
5876018,Malaysia,"<div><a href=""/places/default/view/Malaysia-134""><img src=""/places/static/images/flags/my.png"" /> Malaysia</a></div>"
5876019,Maldives,"<div><a href=""/places/default/view/Maldives-135""><img src=""/places/static/images/flags/mv.png"" /> Maldives</a></div>"
5876020,Mali,"<div><a href=""/places/default/view/Mali-136""><img src=""/places/static/images/flags/ml.png"" /> Mali</a></div>"
5876021,Malta,"<div><a href=""/places/default/view/Malta-137""><img src=""/places/static/images/flags/mt.png"" /> Malta</a></div>"
5876022,Marshall Islands,"<div><a href=""/places/default/view/Marshall-Islands-138""><img src=""/places/static/images/flags/mh.png"" /> Marshall Islands</a></div>"
5876023,Martinique,"<div><a href=""/places/default/view/Martinique-139""><img src=""/places/static/images/flags/mq.png"" /> Martinique</a></div>"
5876024,Mauritania,"<div><a href=""/places/default/view/Mauritania-140""><img src=""/places/static/images/flags/mr.png"" /> Mauritania</a></div>"
5876025,Mauritius,"<div><a href=""/places/default/view/Mauritius-141""><img src=""/places/static/images/flags/mu.png"" /> Mauritius</a></div>"
5876026,Mayotte,"<div><a href=""/places/default/view/Mayotte-142""><img src=""/places/static/images/flags/yt.png"" /> Mayotte</a></div>"
5876027,Mexico,"<div><a href=""/places/default/view/Mexico-143""><img src=""/places/static/images/flags/mx.png"" /> Mexico</a></div>"
5876028,Micronesia,"<div><a href=""/places/default/view/Micronesia-144""><img src=""/places/static/images/flags/fm.png"" /> Micronesia</a></div>"
5876029,Moldova,"<div><a href=""/places/default/view/Moldova-145""><img src=""/places/static/images/flags/md.png"" /> Moldova</a></div>"
5876030,Monaco,"<div><a href=""/places/default/view/Monaco-146""><img src=""/places/static/images/flags/mc.png"" /> Monaco</a></div>"
5876031,Mongolia,"<div><a href=""/places/default/view/Mongolia-147""><img src=""/places/static/images/flags/mn.png"" /> Mongolia</a></div>"
5876032,Montenegro,"<div><a href=""/places/default/view/Montenegro-148""><img src=""/places/static/images/flags/me.png"" /> Montenegro</a></div>"
5876033,Montserrat,"<div><a href=""/places/default/view/Montserrat-149""><img src=""/places/static/images/flags/ms.png"" /> Montserrat</a></div>"
5876034,Morocco,"<div><a href=""/places/default/view/Morocco-150""><img src=""/places/static/images/flags/ma.png"" /> Morocco</a></div>"
5876035,Mozambique,"<div><a href=""/places/default/view/Mozambique-151""><img src=""/places/static/images/flags/mz.png"" /> Mozambique</a></div>"
5876036,Myanmar,"<div><a href=""/places/default/view/Myanmar-152""><img src=""/places/static/images/flags/mm.png"" /> Myanmar</a></div>"
5876037,Namibia,"<div><a href=""/places/default/view/Namibia-153""><img src=""/places/static/images/flags/na.png"" /> Namibia</a></div>"
5876038,Nauru,"<div><a href=""/places/default/view/Nauru-154""><img src=""/places/static/images/flags/nr.png"" /> Nauru</a></div>"
5876039,Nepal,"<div><a href=""/places/default/view/Nepal-155""><img src=""/places/static/images/flags/np.png"" /> Nepal</a></div>"
5876040,Netherlands,"<div><a href=""/places/default/view/Netherlands-156""><img src=""/places/static/images/flags/nl.png"" /> Netherlands</a></div>"
5876041,Netherlands Antilles,"<div><a href=""/places/default/view/Netherlands-Antilles-157""><img src=""/places/static/images/flags/an.png"" /> Netherlands Antilles</a></div>"
5876042,New Caledonia,"<div><a href=""/places/default/view/New-Caledonia-158""><img src=""/places/static/images/flags/nc.png"" /> New Caledonia</a></div>"
5876043,New Zealand,"<div><a href=""/places/default/view/New-Zealand-159""><img src=""/places/static/images/flags/nz.png"" /> New Zealand</a></div>"
5876044,Nicaragua,"<div><a href=""/places/default/view/Nicaragua-160""><img src=""/places/static/images/flags/ni.png"" /> Nicaragua</a></div>"
5876045,Niger,"<div><a href=""/places/default/view/Niger-161""><img src=""/places/static/images/flags/ne.png"" /> Niger</a></div>"
5876046,Nigeria,"<div><a href=""/places/default/view/Nigeria-162""><img src=""/places/static/images/flags/ng.png"" /> Nigeria</a></div>"
5876047,Niue,"<div><a href=""/places/default/view/Niue-163""><img src=""/places/static/images/flags/nu.png"" /> Niue</a></div>"
5876048,Norfolk Island,"<div><a href=""/places/default/view/Norfolk-Island-164""><img src=""/places/static/images/flags/nf.png"" /> Norfolk Island</a></div>"
5876049,North Korea,"<div><a href=""/places/default/view/North-Korea-165""><img src=""/places/static/images/flags/kp.png"" /> North Korea</a></div>"
5876050,Northern Mariana Islands,"<div><a href=""/places/default/view/Northern-Mariana-Islands-166""><img src=""/places/static/images/flags/mp.png"" /> Northern Mariana Islands</a></div>"
5876051,Norway,"<div><a href=""/places/default/view/Norway-167""><img src=""/places/static/images/flags/no.png"" /> Norway</a></div>"
5876052,Oman,"<div><a href=""/places/default/view/Oman-168""><img src=""/places/static/images/flags/om.png"" /> Oman</a></div>"
5876053,Pakistan,"<div><a href=""/places/default/view/Pakistan-169""><img src=""/places/static/images/flags/pk.png"" /> Pakistan</a></div>"
5876054,Palau,"<div><a href=""/places/default/view/Palau-170""><img src=""/places/static/images/flags/pw.png"" /> Palau</a></div>"
5876055,Palestinian Territory,"<div><a href=""/places/default/view/Palestinian-Territory-171""><img src=""/places/static/images/flags/ps.png"" /> Palestinian Territory</a></div>"
5876056,Panama,"<div><a href=""/places/default/view/Panama-172""><img src=""/places/static/images/flags/pa.png"" /> Panama</a></div>"
5876057,Papua New Guinea,"<div><a href=""/places/default/view/Papua-New-Guinea-173""><img src=""/places/static/images/flags/pg.png"" /> Papua New Guinea</a></div>"
5876058,Paraguay,"<div><a href=""/places/default/view/Paraguay-174""><img src=""/places/static/images/flags/py.png"" /> Paraguay</a></div>"
5876059,Peru,"<div><a href=""/places/default/view/Peru-175""><img src=""/places/static/images/flags/pe.png"" /> Peru</a></div>"
5876060,Philippines,"<div><a href=""/places/default/view/Philippines-176""><img src=""/places/static/images/flags/ph.png"" /> Philippines</a></div>"
5876061,Pitcairn,"<div><a href=""/places/default/view/Pitcairn-177""><img src=""/places/static/images/flags/pn.png"" /> Pitcairn</a></div>"
5876062,Poland,"<div><a href=""/places/default/view/Poland-178""><img src=""/places/static/images/flags/pl.png"" /> Poland</a></div>"
5876063,Portugal,"<div><a href=""/places/default/view/Portugal-179""><img src=""/places/static/images/flags/pt.png"" /> Portugal</a></div>"
5876064,Puerto Rico,"<div><a href=""/places/default/view/Puerto-Rico-180""><img src=""/places/static/images/flags/pr.png"" /> Puerto Rico</a></div>"
5876065,Qatar,"<div><a href=""/places/default/view/Qatar-181""><img src=""/places/static/images/flags/qa.png"" /> Qatar</a></div>"
5876066,Republic of the Congo,"<div><a href=""/places/default/view/Republic-of-the-Congo-182""><img src=""/places/static/images/flags/cg.png"" /> Republic of the Congo</a></div>"
5876067,Reunion,"<div><a href=""/places/default/view/Reunion-183""><img src=""/places/static/images/flags/re.png"" /> Reunion</a></div>"
5876068,Romania,"<div><a href=""/places/default/view/Romania-184""><img src=""/places/static/images/flags/ro.png"" /> Romania</a></div>"
5876069,Russia,"<div><a href=""/places/default/view/Russia-185""><img src=""/places/static/images/flags/ru.png"" /> Russia</a></div>"
5876070,Rwanda,"<div><a href=""/places/default/view/Rwanda-186""><img src=""/places/static/images/flags/rw.png"" /> Rwanda</a></div>"
5876071,Saint Barthelemy,"<div><a href=""/places/default/view/Saint-Barthelemy-187""><img src=""/places/static/images/flags/bl.png"" /> Saint Barthelemy</a></div>"
5876072,Saint Helena,"<div><a href=""/places/default/view/Saint-Helena-188""><img src=""/places/static/images/flags/sh.png"" /> Saint Helena</a></div>"
5876073,Saint Kitts and Nevis,"<div><a href=""/places/default/view/Saint-Kitts-and-Nevis-189""><img src=""/places/static/images/flags/kn.png"" /> Saint Kitts and Nevis</a></div>"
5876074,Saint Lucia,"<div><a href=""/places/default/view/Saint-Lucia-190""><img src=""/places/static/images/flags/lc.png"" /> Saint Lucia</a></div>"
5876075,Saint Martin,"<div><a href=""/places/default/view/Saint-Martin-191""><img src=""/places/static/images/flags/mf.png"" /> Saint Martin</a></div>"
5876076,Saint Pierre and Miquelon,"<div><a href=""/places/default/view/Saint-Pierre-and-Miquelon-192""><img src=""/places/static/images/flags/pm.png"" /> Saint Pierre and Miquelon</a></div>"
5876077,Saint Vincent and the Grenadines,"<div><a href=""/places/default/view/Saint-Vincent-and-the-Grenadines-193""><img src=""/places/static/images/flags/vc.png"" /> Saint Vincent and the Grenadines</a></div>"
5876078,Samoa,"<div><a href=""/places/default/view/Samoa-194""><img src=""/places/static/images/flags/ws.png"" /> Samoa</a></div>"
5876079,San Marino,"<div><a href=""/places/default/view/San-Marino-195""><img src=""/places/static/images/flags/sm.png"" /> San Marino</a></div>"
5876080,Sao Tome and Principe,"<div><a href=""/places/default/view/Sao-Tome-and-Principe-196""><img src=""/places/static/images/flags/st.png"" /> Sao Tome and Principe</a></div>"
5876081,Saudi Arabia,"<div><a href=""/places/default/view/Saudi-Arabia-197""><img src=""/places/static/images/flags/sa.png"" /> Saudi Arabia</a></div>"
5876082,Senegal,"<div><a href=""/places/default/view/Senegal-198""><img src=""/places/static/images/flags/sn.png"" /> Senegal</a></div>"
5876083,Serbia,"<div><a href=""/places/default/view/Serbia-199""><img src=""/places/static/images/flags/rs.png"" /> Serbia</a></div>"
5876084,Serbia and Montenegro,"<div><a href=""/places/default/view/Serbia-and-Montenegro-200""><img src=""/places/static/images/flags/cs.png"" /> Serbia and Montenegro</a></div>"
5876085,Seychelles,"<div><a href=""/places/default/view/Seychelles-201""><img src=""/places/static/images/flags/sc.png"" /> Seychelles</a></div>"
5876086,Sierra Leone,"<div><a href=""/places/default/view/Sierra-Leone-202""><img src=""/places/static/images/flags/sl.png"" /> Sierra Leone</a></div>"
5876087,Singapore,"<div><a href=""/places/default/view/Singapore-203""><img src=""/places/static/images/flags/sg.png"" /> Singapore</a></div>"
5876088,Sint Maarten,"<div><a href=""/places/default/view/Sint-Maarten-204""><img src=""/places/static/images/flags/sx.png"" /> Sint Maarten</a></div>"
5876089,Slovakia,"<div><a href=""/places/default/view/Slovakia-205""><img src=""/places/static/images/flags/sk.png"" /> Slovakia</a></div>"
5876090,Slovenia,"<div><a href=""/places/default/view/Slovenia-206""><img src=""/places/static/images/flags/si.png"" /> Slovenia</a></div>"
5876091,Solomon Islands,"<div><a href=""/places/default/view/Solomon-Islands-207""><img src=""/places/static/images/flags/sb.png"" /> Solomon Islands</a></div>"
5876092,Somalia,"<div><a href=""/places/default/view/Somalia-208""><img src=""/places/static/images/flags/so.png"" /> Somalia</a></div>"
5876093,South Africa,"<div><a href=""/places/default/view/South-Africa-209""><img src=""/places/static/images/flags/za.png"" /> South Africa</a></div>"
5876094,South Georgia and the South Sandwich Islands,"<div><a href=""/places/default/view/South-Georgia-and-the-South-Sandwich-Islands-210""><img src=""/places/static/images/flags/gs.png"" /> South Georgia and the South Sandwich Islands</a></div>"
5876095,South Korea,"<div><a href=""/places/default/view/South-Korea-211""><img src=""/places/static/images/flags/kr.png"" /> South Korea</a></div>"
5876096,South Sudan,"<div><a href=""/places/default/view/South-Sudan-212""><img src=""/places/static/images/flags/ss.png"" /> South Sudan</a></div>"
5876097,Spain,"<div><a href=""/places/default/view/Spain-213""><img src=""/places/static/images/flags/es.png"" /> Spain</a></div>"
5876098,Sri Lanka,"<div><a href=""/places/default/view/Sri-Lanka-214""><img src=""/places/static/images/flags/lk.png"" /> Sri Lanka</a></div>"
5876099,Sudan,"<div><a href=""/places/default/view/Sudan-215""><img src=""/places/static/images/flags/sd.png"" /> Sudan</a></div>"
5876100,Suriname,"<div><a href=""/places/default/view/Suriname-216""><img src=""/places/static/images/flags/sr.png"" /> Suriname</a></div>"
5876101,Svalbard and Jan Mayen,"<div><a href=""/places/default/view/Svalbard-and-Jan-Mayen-217""><img src=""/places/static/images/flags/sj.png"" /> Svalbard and Jan Mayen</a></div>"
5876102,Swaziland,"<div><a href=""/places/default/view/Swaziland-218""><img src=""/places/static/images/flags/sz.png"" /> Swaziland</a></div>"
5876103,Sweden,"<div><a href=""/places/default/view/Sweden-219""><img src=""/places/static/images/flags/se.png"" /> Sweden</a></div>"
5876104,Switzerland,"<div><a href=""/places/default/view/Switzerland-220""><img src=""/places/static/images/flags/ch.png"" /> Switzerland</a></div>"
5876105,Syria,"<div><a href=""/places/default/view/Syria-221""><img src=""/places/static/images/flags/sy.png"" /> Syria</a></div>"
5876106,Taiwan,"<div><a href=""/places/default/view/Taiwan-222""><img src=""/places/static/images/flags/tw.png"" /> Taiwan</a></div>"
5876107,Tajikistan,"<div><a href=""/places/default/view/Tajikistan-223""><img src=""/places/static/images/flags/tj.png"" /> Tajikistan</a></div>"
5876108,Tanzania,"<div><a href=""/places/default/view/Tanzania-224""><img src=""/places/static/images/flags/tz.png"" /> Tanzania</a></div>"
5876109,Thailand,"<div><a href=""/places/default/view/Thailand-225""><img src=""/places/static/images/flags/th.png"" /> Thailand</a></div>"
5876110,Togo,"<div><a href=""/places/default/view/Togo-226""><img src=""/places/static/images/flags/tg.png"" /> Togo</a></div>"
5876111,Tokelau,"<div><a href=""/places/default/view/Tokelau-227""><img src=""/places/static/images/flags/tk.png"" /> Tokelau</a></div>"
5876112,Tonga,"<div><a href=""/places/default/view/Tonga-228""><img src=""/places/static/images/flags/to.png"" /> Tonga</a></div>"
5876113,Trinidad and Tobago,"<div><a href=""/places/default/view/Trinidad-and-Tobago-229""><img src=""/places/static/images/flags/tt.png"" /> Trinidad and Tobago</a></div>"
5876114,Tunisia,"<div><a href=""/places/default/view/Tunisia-230""><img src=""/places/static/images/flags/tn.png"" /> Tunisia</a></div>"
5876115,Turkey,"<div><a href=""/places/default/view/Turkey-231""><img src=""/places/static/images/flags/tr.png"" /> Turkey</a></div>"
5876116,Turkmenistan,"<div><a href=""/places/default/view/Turkmenistan-232""><img src=""/places/static/images/flags/tm.png"" /> Turkmenistan</a></div>"
5876117,Turks and Caicos Islands,"<div><a href=""/places/default/view/Turks-and-Caicos-Islands-233""><img src=""/places/static/images/flags/tc.png"" /> Turks and Caicos Islands</a></div>"
5876118,Tuvalu,"<div><a href=""/places/default/view/Tuvalu-234""><img src=""/places/static/images/flags/tv.png"" /> Tuvalu</a></div>"
5876119,U.S. Virgin Islands,"<div><a href=""/places/default/view/US-Virgin-Islands-235""><img src=""/places/static/images/flags/vi.png"" /> U.S. Virgin Islands</a></div>"
5876120,Uganda,"<div><a href=""/places/default/view/Uganda-236""><img src=""/places/static/images/flags/ug.png"" /> Uganda</a></div>"
5876121,Ukraine,"<div><a href=""/places/default/view/Ukraine-237""><img src=""/places/static/images/flags/ua.png"" /> Ukraine</a></div>"
5876122,United Arab Emirates,"<div><a href=""/places/default/view/United-Arab-Emirates-238""><img src=""/places/static/images/flags/ae.png"" /> United Arab Emirates</a></div>"
5876123,United Kingdom,"<div><a href=""/places/default/view/United-Kingdom-239""><img src=""/places/static/images/flags/gb.png"" /> United Kingdom</a></div>"
5876124,United States,"<div><a href=""/places/default/view/United-States-240""><img src=""/places/static/images/flags/us.png"" /> United States</a></div>"
5876125,United States Minor Outlying Islands,"<div><a href=""/places/default/view/United-States-Minor-Outlying-Islands-241""><img src=""/places/static/images/flags/um.png"" /> United States Minor Outlying Islands</a></div>"
5876126,Uruguay,"<div><a href=""/places/default/view/Uruguay-242""><img src=""/places/static/images/flags/uy.png"" /> Uruguay</a></div>"
5876127,Uzbekistan,"<div><a href=""/places/default/view/Uzbekistan-243""><img src=""/places/static/images/flags/uz.png"" /> Uzbekistan</a></div>"
5876128,Vanuatu,"<div><a href=""/places/default/view/Vanuatu-244""><img src=""/places/static/images/flags/vu.png"" /> Vanuatu</a></div>"
5876129,Vatican,"<div><a href=""/places/default/view/Vatican-245""><img src=""/places/static/images/flags/va.png"" /> Vatican</a></div>"
5876130,Venezuela,"<div><a href=""/places/default/view/Venezuela-246""><img src=""/places/static/images/flags/ve.png"" /> Venezuela</a></div>"
5876131,Vietnam,"<div><a href=""/places/default/view/Vietnam-247""><img src=""/places/static/images/flags/vn.png"" /> Vietnam</a></div>"
5876132,Wallis and Futuna,"<div><a href=""/places/default/view/Wallis-and-Futuna-248""><img src=""/places/static/images/flags/wf.png"" /> Wallis and Futuna</a></div>"
5876133,Western Sahara,"<div><a href=""/places/default/view/Western-Sahara-249""><img src=""/places/static/images/flags/eh.png"" /> Western Sahara</a></div>"
5876134,Yemen,"<div><a href=""/places/default/view/Yemen-250""><img src=""/places/static/images/flags/ye.png"" /> Yemen</a></div>"
5876135,Zambia,"<div><a href=""/places/default/view/Zambia-251""><img src=""/places/static/images/flags/zm.png"" /> Zambia</a></div>"
5876136,Zimbabwe,"<div><a href=""/places/default/view/Zimbabwe-252""><img src=""/places/static/images/flags/zw.png"" /> Zimbabwe</a></div>"
